name,description,car,transmission,course,cp1,cp2,collisions,collision_types,gold,silver,bronze,gatex,gatez,gatew,rolling,rolling_speed,collision_delay,endx,endz,endw,breakx,breakz,breaktype,breakradius,breaklabel,target_models,target_count,target_label,target_finish,speed,tuned,startx,startz,start_heading,jump_height,targetx,targetz,targetradius,target_group_radius,type,mode,completion_delay,hint_remaining,hint_seconds,enabled,notes,turn_degrees,turnx,turnz,turn_radius,landingx,landingz,landingy,landing_radius,landing_height,target_height,two_wheel_seconds,target_vehicles,target_event,roll_degrees,wallride_distance,gate_order,parked_models,direction
FIRST TURN,TAKE THE TURN AS QUICKLY AS POSSIBLE,1,at,town,0,1,unlimited,all,17.000,19.000,21.000,,,,75,108,0.75,,,,,,,,,,,,,,,,,,,,,,,DRIVE,time_attack,0.75,3,30,1,,,,,,,,,,,,,,,,,,,auto
DON'T TOUCH THE SIDES,DRIVE A CLEAN RUN WITH NO COLLISIONS,1,at,town,4,5,0,all,,,,,,,75,108,0.75,,,,,,,,,,,,,,,,,,,,,,,DRIVE,time_attack,0.75,3,30,1,,,,,,,,,,,,,,,,,,,auto
POINT TO POINT,FIGURE OUT THE BEST SHORTCUT,1,at,town,6,7,unlimited,all,17,19,21,,,,75,108,0.75,,,,,,,,,,,,,,,,,,,,,,,DRIVE,time_attack,0.75,3,30,1,,,,,,,,,,,,,,,,,,,auto
BEHIND SCHEDULE,DRIVE BEHIND BOTH BUS STOPS,1,at,town,9,10,unlimited,all,,,,594.4;530.1,696.7;657.5,kerb;kerb,75,108,0.75,,,,,,,,,,,,,,,,,,,,,,,DRIVE,time_attack,0.75,3,30,1,,,,,,,,,,,,,,,,,,,auto
CLOISTER FORK,DRIVE A CLEAN RUN WITH NO COLLISIONS,1,at,town,2,3,0,all,8,10,12,118.1;110.6;126.7;178.7,217.0;248.0;296.8;317.4,10;10;10;10,75,108,0.75,212.6,326.8,full road width,,,,,,,,,,,,,,,,,,,,DRIVE,time_attack,0.75,3,30,1,,,,,,,,,,,,,,,,,,,auto
ARCHERY,KNOCK DOWN ALL THE PILLARS,1,at,town,2,3,unlimited,all,,,,,,,75,108,0.75,212.6,326.8,full road width,114.020;109.030;105.610;103.900;103.840;105.540;108.850;120.580;128.520;137.540;147.550;158.130;169.130;180.120,215.501;225.421;236.061;247.131;258.281;269.301;279.801;298.931;306.812;313.312;318.342;321.842;323.652;323.771,2,1.5,PILLARS,,,,,,,,,,,,,,,DESTROY,time_attack,0.75,3,30,1,,,,,,,,,,,,,,,,,,,auto
CHICANE,THREAD THE CHICANE TO THE TUNNEL,1,at,town,4,5,unlimited,all,,,,,,,75,108,0.75,724.7,914.4,full road width,,,,,,,,,,,,,,,,,,,,DRIVE,time_attack,0.75,3,30,1,,,,,,,,,,,,,,,,,,,auto
KIOSK MODE,HIT ALL CHIOSCO,1,at,town,0,10,unlimited,all,52.000,54.000,56.000,,,,0,0,0.75,,,,,,,,,hitA:0;hitA:1;hitA:4;hitB:0;hitB:1;hitB:2,all,KIOSKS,,,,,,,,,,,,COLLECT,time_attack,0.75,3,30,1,,,,,,,,,,,,,,touch,,,,,auto
CONE BUT NOT FORGOTTEN,HIT ALL TRAFFIC CONES,1,at,town,0,10,unlimited,all,115.000,117.000,119.000,,,,0,0,0.75,,,,,,,,,pylonA,all,CONES,,,,,,,,,,,,DESTROY,time_attack,0.75,3,30,1,,,,,,,,,,,,,,,,,,,auto
PEOPLE PLEASER,MAKE 20 PEOPLE JUMP OUT OF THE WAY,1,at,town,0,10,unlimited,all,,,,,,,0,0,0.75,,,,,,,,,walkerA,20,PEOPLE,,,,,,,,,,,,DODGE,time_attack,0.75,3,30,1,,,,,,,,,,,,,,,,,,,auto
SUPERMARKET SWEEP,HIT EVERY MARKET STALL IN THE ARCADE,1,at,town,4,5,unlimited,all,,,,,,,0,75,0.75,,,,,,,,,,,STALLS,finish,,,725,883,0,,720.45;727.55;720.45;720.45;727.55,933.82;959.78;985.99;1076.97;1076.90,6.5,,DESTROY,time_attack,0.75,3,30,1,,,,,,,,,,,,,,,,,,,auto
TAKE A SEAT,KNOCK OVER ALL CHAIRS,1,at,town,0,10,unlimited,all,,,,,,,0,0,0.75,,,,,,,,,chairA;chairB,all,CHAIRS,,,,,,,,,,,,DESTROY,time_attack,0.75,3,30,1,,,,,,,,,,,,,,,,,,,auto
AN APPLE A DAY,KNOCK OVER ALL FRUIT STANDS,1,at,town,0,10,unlimited,all,,,,,,,0,0,0.75,,,,,,,,,boxA;boxB;boxC;boxD;boxE,all,FRUIT STANDS,,,,,,,,,,,4,DESTROY,time_attack,0.75,3,30,1,,,,,,,,,,,,,,,,,,,auto
PHONE HOME,KNOCK OVER ALL PHONE BOXES,1,at,town,0,10,unlimited,all,,,,,,,0,0,0.75,,,,,,,,,phoneA,all,PHONE BOXES,,,,,,,,,,,,DESTROY,time_attack,0.75,3,30,1,,,,,,,,,,,,,,,,,,,auto
GARBAGE COLLECTOR,KNOCK OVER ALL GARBAGE CANS,1,at,town,0,10,unlimited,all,,,,,,,0,0,0.75,,,,,,,,,trashA,all,BINS,,,,,,,,,,,,DESTROY,time_attack,0.75,3,30,1,,,,,,,,,,,,,,,,,,,auto
MANY RIVERS TO CROSS,JUMP TO THE OTHER SIDE OF THE RIVER,1,at,town,5,6,unlimited,all,,,,,,,0,140,0.75,729.2,1215,12,,,,,,,,,,,1,724,1263,173.45,1.5,,,,,JUMP,time_attack,0.75,3,30,1,Tuned car 1: jump from the river bank and land at the opposite steps. Grounded landing required.,,,,,729.2,1215,,12,1,,,,,,,,,auto
SPEED DEMON,REACH 170 KM/H GOING DOWNHILL,1,at,town,9,10,unlimited,all,,,,,,,75,108,0.75,,,,,,,,,,,,,170,,,,,,,,,,SPEED,time_attack,0.75,3,30,1,,,,,,,,,,,,,,,,,,,auto
FLOWER POWER,KNOCK OVER ALL FLOWER POTS,1,at,town,0,10,unlimited,all,,,,,,,0,0,0.75,,,,,,,,,plantA;plantB,all,FLOWER POTS,,,,,,,,,,,,DESTROY,time_attack,0.75,3,30,1,,,,,,,,,,,,,,,,,,,auto
A BRIDGE TOO FAR,JUMP OVER THE BROKEN BRIDGE,1,at,mountain,0,8,unlimited,all,,,,-901.7;-911.4;-932.1;-952.8;-972.1,-71.9;-89.0;-109.1;-127.3;-144.0,road;road;road;road;road,0,140,0.75,-1004.4,-157.6,road,,,,,,,,,,,1,-890.3,-41.2,-130.2,1.5,,,,,JUMP,time_attack,0.75,3,30,1,"Five road-width approach gates; jump and land at -1004.4,-157.6. Start 30m before gate 1 along the opposite course direction.",,,,,-1004.4,-157.6,,12,1,,,,,,,,,opposite
MOUNTAIN GOAT,MAKE A CLEAN HANDBRAKE TURN,1,at,mountain,0,8,unlimited,all,,,,,,,0,75,0.75,,,,,,,,,,,,,,,-1240,-313,-176.6,,,,,,TURN,time_attack,0.75,3,30,1,Native Mountain coordinates use negative X and Z.,180,-1250,-355,25,,,,,,,,,,,,,,auto
NOT MUCH OF A GARDEN,MAKE A CLEAN HANDBRAKE TURN,1,at,mountain,0,8,unlimited,all,,,,,,,0,75,0.75,,,,,,,,,,,,,,,-881,-575,0,,,,,,TURN,time_attack,0.75,3,30,1,Native Mountain coordinates use negative X and Z.,180,-881,-550,25,,,,,,,,,,,,,,auto
THE OLDE TOWN,TAKE THE OLD TOWN SHORTCUTS TO CP6,1,at,mountain,5,6,unlimited,all,,,,-943;-1002;-1058,-435;-362;-348,road;road;road,0,108,0.75,,,,,,,,,,,,,,,-943,-470,0,,,,,,DRIVE,time_attack,0.75,3,30,1,Shortcut waypoints follow the native fork through the old town.,,,,,,,,,,,,,,,,,,auto
ONTO THE BRIDGE,JUMP FROM THE CLIFF ONTO THE BRIDGE,1,at,mountain,0,8,unlimited,all,,,,,,,0,80,0.75,,,,,,,,,,,,,,1,-1040,-125,33,1.5,,,,,JUMP,time_attack,0.75,3,30,1,Jump from the cliff and land on the bridge target.,,,,,-1024,-100,,12,1,,,,,,,,,auto
PARKOUR TICKET,RIDE THE BRIDGE WALL TO THE FAR END,1,at,mountain,0,8,unlimited,all,,,,-1024,-100,road,0,108,0.75,-862,4,road,,,,,,,,,,,,-1050,-110,90,,,,,,STUNT,time_attack,0.75,3,30,1,Ride the raised bridge side while tilted against its wall for 180 metres before the exit.,,,,,,,,,,,,,,,180,,,auto
PADDLING OUT,DRIVE FROM THE BEACH ACROSS THE RIVER,1,at,mountain,0,8,unlimited,all,,,,,,,0,0,0.75,-516,-112,road,,,,,,,,,,,,-693.5,-39.6,112.2,,,,,,DRIVE,time_attack,0.75,3,30,1,Standing start on the beach; cross the river and reach the road. Signed coordinates verified against native terrain.,,,,,,,,,,,,,,,,,,auto
MAKE YOUR MIND UP,CROSS EVERY BRIDGE,1,at,mountain,0,8,unlimited,all,,,,-143.3;-159.1;-178.7;-183.8,-12.3;-9.1;48;59.8,8;8;8;8,0,0,0.75,,,,,,,,,,,,,,,0,-33,180,,,,,,DRIVE,time_attack,0.75,3,30,1,Cross the four separate bridges in any order and either direction.,,,,,,,,,,,,,,,,any,,auto
STICKS AND STONES,KNOCK DOWN EVERY SMALL POST,1,at,coast,0,8,unlimited,all,,,,,,,0,0,0.75,,,,,,,,,break01B;break04B;break04C;post,all,POSTS,,,,,,,,,,,,DESTROY,time_attack,0.75,3,30,1,,,,,,,,,,,,,,,,,,,auto
SIGN OF THE TIMES,KNOCK DOWN ALL ROAD LEVEL SIGNS,1,at,coast,0,8,unlimited,all,,,,,,,0,0,0.75,,,,,,,,,sign01B;sign02B;sign03B;sign04B;sign05B,all,SIGNS,,,,,,,,,,,,DESTROY,time_attack,0.75,3,30,1,,,,,,,,,,,2.5,,,,,,,,auto
PARASOL STARS,KNOCK DOWN ALL PARASOLS,1,at,coast,0,8,unlimited,all,,,,,,,0,0,0.75,,,,,,,,,tentA;tentC,all,PARASOLS,,,,,,,,,,,,DESTROY,time_attack,0.75,3,30,1,,,,,,,,,,,,,,,,,,,auto
AN APPLE A DAY II,KNOCK DOWN ALL FRUIT STANDS,1,at,coast,0,8,unlimited,all,,,,,,,0,0,0.75,,,,,,,,,boxC;boxD;boxE,all,FRUIT STANDS,,,,,,,,,,,4,DESTROY,time_attack,0.75,3,30,1,,,,,,,,,,,,,,,,,,,auto
FLOWER POWER II,KNOCK OVER ALL FLOWER POTS,1,at,coast,0,8,unlimited,all,,,,,,,0,0,0.75,,,,,,,,,plantA;plantB,all,FLOWER POTS,,,,,,,,,,,,DESTROY,time_attack,0.75,3,30,1,,,,,,,,,,,,,,,,,,,auto
GARBAGE COLLECTOR II,KNOCK OVER ALL GARBAGE CANS,1,at,coast,0,8,unlimited,all,,,,,,,0,0,0.75,,,,,,,,,trashA,all,GARBAGE CANS,,,,,,,,,,,,DESTROY,time_attack,0.75,3,30,1,,,,,,,,,,,,,,,,,,,auto
TAKE A SEAT II,KNOCK OVER ALL CHAIRS,1,at,coast,0,8,unlimited,all,,,,,,,0,0,0.75,,,,,,,,,chairA;chairB,all,CHAIRS,,,,,,,,,,,,DESTROY,time_attack,0.75,3,30,1,,,,,,,,,,,,,,,,,,,auto
PHONE HOME II,KNOCK OVER ALL PHONE BOXES,1,at,coast,0,8,unlimited,all,,,,,,,0,0,0.75,,,,,,,,,phoneA,all,PHONE BOXES,,,,,,,,,,,,DESTROY,time_attack,0.75,3,30,1,,,,,,,,,,,,,,,,,,,auto
TABLE MANNERS II,KNOCK OVER ALL TABLES,1,at,coast,0,8,unlimited,all,,,,,,,0,0,0.75,,,,,,,,,tableB,all,TABLES,,,,,,,,,,,,DESTROY,time_attack,0.75,3,30,1,,,,,,,,,,,,,,,,,,,auto
VIEWPOINT,KNOCK OVER ALL BENCHES,1,at,coast,0,8,unlimited,all,,,,,,,0,0,0.75,,,,,,,,,bench,all,BENCHES,,,,,,,,,,,,DESTROY,time_attack,0.75,3,30,1,,,,,,,,,,,,,,,,,,,auto
TAKE THE HIGH ROAD,JUMP FROM THE CLIFF ONTO THE MAIN ROAD,1,at,coast,0,8,unlimited,all,,,,,,,0,100,0.75,,,,,,,,,,,,,,1,495,-804,76,1.5,,,,,JUMP,time_attack,0.75,3,30,1,Main-road landing at height 8.4; lower road is at height 2.6 and does not count.,,,,,539,-793,8.4,6,1,,,,,,,,,auto
LOVE BUG,CRASH INTO EVERY VW BEETLE,1,at,coast,0,8,unlimited,all,,,,,,,0,0,0.75,,,,,,,,,,all,BEETLES,,,,,,,,,,,,COLLECT,time_attack,0.75,3,30,1,Native TCAR model 11 visually verified and exact player collider impact verified. Complete after every matching parked car has been hit.,,,,,,,,,,,,,,,,,11,auto
CROSSROADS,REACH CP8 AS QUICKLY AS POSSIBLE,1,at,coast,0,8,unlimited,all,,,,,,,0,108,0.75,,,,,,,,,,,,,,,685.5,-548.6,15,,,,,,DRIVE,time_attack,0.75,3,30,1,Native Coast coordinates place this crossing at negative Z.,,,,,,,,,,,,,,,,,,auto
MAN WITH A VAN,CRASH INTO EVERY WHITE VAN,1,at,coast,0,8,unlimited,all,,,,,,,0,0,0.75,,,,,,,,,,all,WHITE VANS,,,,,,,,,,,,COLLECT,time_attack,0.75,3,30,1,Native TCAR model 12 visually verified and exact player collider impact verified. Complete after every matching parked car has been hit.,,,,,,,,,,,,,,,,,12,auto
WINDOW SHOPPING,RACE BETWEEN THE SHOPPING CHECKPOINTS,1,at,coast,0,8,unlimited,all,,,,,,,0,108,0.75,898.6,165.1,road,,,,,,,,,,,,980,-198,0,,,,,,DRIVE,time_attack,0.75,3,30,1,"Start uses the actual location of object 006e88e0; custom end gate at 898.6,165.1.",,,,,,,,,,,,,,,,,,auto
JUMP THE SHARK,JUMP FROM THE HARBOUR WALL TO THE CAR PARK,1,at,coast,0,8,unlimited,all,,,,,,,0,140,0.75,,,,,,,,,,,,,,1,743,208,-77.3,1.5,,,,,JUMP,time_attack,0.75,3,30,1,"Approach the harbour wall, then land in the specified car park; an ordinary hop elsewhere does not count.",,,,,676,223,,12,1,,,,,,,,,auto
ODD ONE OUT,CRASH INTO THE UNIQUE CAR,1,at,coast,0,8,unlimited,all,,,,,,,0,0,0.75,,,,,,,,,,1,CAR,,,,,,,,613.5,263.3,8,,COLLECT,time_attack,0.75,3,30,1,"Yellow parked car, model 2, at the harbour anchor. Exact native collider attribution required.",,,,,,,,,,,,,,,,,2,auto
TWO WHEELS GOOD,DRIVE ON TWO WHEELS FOR TEN SECONDS IN ONE LAP,1,at,coast,0,8,unlimited,all,,,,381,-751,road,0,0,0.75,0,-33,road,,,,,,,,,,,,,,,,,,,,STUNT,time_attack,0.75,3,30,1,,,,,,,,,,,,10,,,,,,,auto
PULL THE LEVER,MAKE A CLEAN HANDBRAKE TURN,1,at,coast,0,8,unlimited,all,,,,,,,0,108,0.75,,,,,,,,,,,,,,,232,94,-90,,,,,,TURN,time_attack,0.75,3,30,1,"A clean 180 degree turn using handbrake, without contact.",180,181,105.8,25,,,,,,,,,,,,,,auto
STAIRWAY TO HEAVEN,JUMP FROM THE STAIRS ONTO THE HIGHER WALL,1,at,coast,0,8,unlimited,all,,,,,,,0,140,0.75,,,,,,,,,,,,,,1,280,-17,-90,1.5,,,,,JUMP,time_attack,0.75,3,30,1,"Approach the stairs, jump and land at the higher wall target.",,,,,191.3,26.4,,8,1,,,,,,,,,auto
UNBREAKABLE,COMPLETE A LAP WITHOUT HITTING BREAKABLES,1,at,town,0,8,0,breakables,,,,833.5,1604.5,road,0,0,0.75,0,-33,road,,,,,,,,,,,,,,,,,,,,DRIVE,time_attack,0.75,3,30,1,"Full Town lap, via the opposite end of the course before the finish.",,,,,,,,,,,,,,,,,,auto
UNBREAKABLE II,COMPLETE A LAP WITHOUT HITTING BREAKABLES,1,at,coast,0,8,0,breakables,,,,381,-751,road,0,0,0.75,0,-33,road,,,,,,,,,,,,,,,,,,,,DRIVE,time_attack,0.75,3,30,1,,,,,,,,,,,,,,,,,,,auto
UNBREAKABLE III,COMPLETE A LAP WITHOUT HITTING BREAKABLES,1,at,mountain,0,8,0,breakables,,,,-1114,-109,road,0,0,0.75,0,-33,road,,,,,,,,,,,,,,,,,,,,DRIVE,time_attack,0.75,3,30,1,,,,,,,,,,,,,,,,,,,auto
THRILL DRIVE,DESTROY TEN CARS AS QUICKLY AS POSSIBLE,1,at,town,0,8,unlimited,all,,,,,,,0,0,0.75,,,,,,,,,,10,CARS,,,,,,,,,,,,DESTROY,traffic,0.75,3,30,1,Destroy ten distinct cars with player-owned native crash events.,,,,,,,,,,,,all,destroy,,,,,auto
THRILL DRIVE II,DESTROY TEN CARS AS QUICKLY AS POSSIBLE,1,at,coast,0,8,unlimited,all,,,,,,,0,0,0.75,,,,,,,,,,10,CARS,,,,,,,,,,,,DESTROY,traffic,0.75,3,30,1,Destroy ten distinct cars with player-owned native crash events.,,,,,,,,,,,,all,destroy,,,,,auto
THRILL DRIVE III,DESTROY TEN CARS AS QUICKLY AS POSSIBLE,1,at,mountain,0,8,unlimited,all,,,,,,,0,0,0.75,,,,,,,,,,10,CARS,,,,,,,,,,,,DESTROY,traffic,0.75,3,30,1,Destroy ten distinct cars with player-owned native crash events.,,,,,,,,,,,,all,destroy,,,,,auto
DO A BARREL ROLL,DO A FULL BARREL ROLL AND LAND BEFORE THE FINISH,1,at,mountain,8,9,unlimited,all,,,,,,,0,108,0.75,0,-33,road,,,,,,,,,,,,-350,-145,90,,,,,,STUNT,time_attack,0.75,3,30,1,Full airborne roll and landing on the final return leg before the finish.,,,,,,,,,,,,,,360,,,,auto
CAT PERSON,SCARE THE DOG ON THE RETURN LEG,1,at,mountain,7,8,unlimited,all,,,,,,,0,108,,,,,,,,,,dogA,1,DOG,automatic,,,-516,-89,131,,,,,,COLLECT,time_attack,0.75,,,1,"Native dog reaction, return leg from bridge to gateway.",,,,,,,,,,,,,,,,,,auto
AVENUE OF CHAMPIONS,DRIVE THROUGH EVERY GATE TO THE FINISH LINE,1,at,town,0,10,unlimited,all,,,,0;0;0;0,255;142;85;38,road;road;road;road,0,108,0.75,0,-33,road,,,,,,,,,,,,0,280,180,,,,,,DRIVE,time_attack,0.75,3,30,1,,,,,,,,,,,,,,,,,ordered,,auto
